"","symbol","ActivePremium","Alpha","AnnualizedAlpha","Beta","Beta-","Beta+","Correlation","Correlationp-value","InformationRatio","R-squared","TrackingError","TreynorRatio"
"1","MMM",0.0974,0.0039,0.048,0.7005,0.7195,1.6323,0.6431,0.003,0.4562,0.4136,0.2136,-0.2225
"2","AOS",0.255,0.0241,0.3315,0.8429,1.3968,0.6595,0.5224,0.0218,0.764,0.2729,0.3338,0.0021
"3","ABT",0.1722,-5e-04,-0.0055,0.2168,0.5413,-1.1489,0.245,0.312,0.6152,0.06,0.28,-0.3738
"4","ACN",0.2505,0.0151,0.1967,0.6155,0.9198,-0.6671,0.6644,0.0019,1.3128,0.4415,0.1909,-0.0045
"5","ATVI",0.2646,0.0199,0.2664,0.5232,1.2159,0.7965,0.2916,0.2257,0.6165,0.0851,0.4292,0.0217
"6","AYI",0.0825,0.0258,0.3577,1.4179,1.1589,-0.1814,0.6548,0.0023,0.2026,0.4288,0.407,-0.1205
"7","ADBE",0.0301,0.0316,0.4533,1.9205,1.9504,2.7581,0.8893,0,0.0926,0.7909,0.3254,-0.1162
"8","AAP",0.3602,0.0266,0.3705,0.6541,0.9282,-0.2438,0.5038,0.0279,1.2733,0.2538,0.2829,0.1634
"9","AMD",-0.1994,0.0195,0.2614,2.0072,0.0543,2.4505,0.5961,0.0071,-0.2868,0.3554,0.6953,-0.2255
"10","AES",-0.0791,0.0167,0.2198,1.691,1.2287,0.5636,0.6997,9e-04,-0.1765,0.4895,0.4483,-0.1966
"11","AET",-0.146,-0.0033,-0.0386,1.2726,1.4824,-1.4662,0.5947,0.0072,-0.3478,0.3537,0.4198,-0.3138
"12","AMG",-0.1249,0.0354,0.5173,2.3418,1.8956,0.7336,0.7492,2e-04,-0.2102,0.5614,0.5946,-0.1615
"13","AFL",-0.0787,0.0333,0.4817,2.0828,1.6631,4.472,0.7176,5e-04,-0.1425,0.515,0.5526,-0.1594
"14","A",-0.0681,0.0053,0.0657,1.2847,1.2751,1.2322,0.6458,0.0028,-0.1829,0.417,0.3725,-0.2502
"15","APD",0.0468,0.0146,0.1894,1.2729,1.008,1.9427,0.795,0,0.1926,0.632,0.2431,-0.1622
"16","AKAM",-0.0777,0.0023,0.0279,0.8824,-0.6243,0.7791,0.333,0.1636,-0.1289,0.1109,0.6028,-0.3751
"17","ALK",0.0869,-0.0045,-0.0523,0.0028,-0.3651,-3.2098,0.0013,0.9958,0.1518,0,0.5726,-59.2716
"18","ALB",-0.0275,0.0128,0.1655,1.483,1.1019,1.4191,0.8084,0,-0.0964,0.6535,0.2851,-0.1893
"19","ARE",-0.1961,-0.0015,-0.0173,1.4144,2.3674,-1.7652,0.5616,0.0123,-0.383,0.3154,0.5121,-0.3177
"20","ALGN",0.0304,0.0523,0.8431,2.391,1.7523,2.4442,0.7654,1e-04,0.0515,0.5858,0.5892,-0.0932
"21","LNT",0.0355,-0.0044,-0.0515,0.5807,0.5294,-0.2825,0.4933,0.0318,0.1332,0.2434,0.2666,-0.375
"22","ALL",-0.0924,0.0248,0.3425,2.0061,2.4573,1.415,0.8143,0,-0.2194,0.6631,0.4214,-0.1723
"23","GOOGL",-0.0056,0.0043,0.0523,1.0116,0.0256,1.0982,0.5728,0.0104,-0.0159,0.3281,0.3489,-0.2559
"24","GOOG",-0.0056,0.0043,0.0523,1.0116,0.0256,1.0982,0.5728,0.0104,-0.0159,0.3281,0.3489,-0.2559
"25","MO",0.1007,-0.0046,-0.0544,0.3209,0.1919,0.137,0.3391,0.1556,0.3732,0.115,0.2699,-0.4755
"26","AMZN",0.1976,0.0271,0.3784,1.0616,0.9651,0.0504,0.5555,0.0135,0.5156,0.3086,0.3833,-0.0524
"27","AEE",-0.0872,-0.0136,-0.1513,0.7327,1.215,-0.2467,0.5476,0.0152,-0.3145,0.2999,0.2774,-0.4648
"28","AAL",-0.4938,-0.0105,-0.1193,0.7117,-0.1978,0.9732,0.1109,0.6513,-0.3209,0.0123,1.5387,-1.0498
"29","AEP",0.0164,-0.0093,-0.1056,0.5187,0.65,-0.6042,0.5912,0.0077,0.0794,0.3495,0.2063,-0.4567
"30","AXP",-0.1636,0.0292,0.4125,2.3858,1.3012,6.8424,0.6799,0.0014,-0.2323,0.4623,0.7044,-0.1747
"31","AIG",-0.652,0.0264,0.3678,4.5578,3.6101,12.6434,0.7031,8e-04,-0.4647,0.4944,1.4033,-0.1986
"32","AMT",0.064,0.0012,0.0146,0.7303,0.5867,0.1474,0.6839,0.0012,0.322,0.4677,0.1987,-0.2592
"33","AWK",0.2258,0.0078,0.0973,0.3057,-0.2411,-1.4278,0.2784,0.315,0.6635,0.0775,0.3404,-0.0705
"34","AMP",-0.1603,0.0216,0.2929,2.2033,2.3919,2.9773,0.826,0,-0.3453,0.6823,0.4641,-0.1877
"35","ABC",0.144,0.0079,0.0994,0.6846,0.9578,0.0586,0.6408,0.0031,0.6797,0.4106,0.2118,-0.1597
"36","AME",0.1064,0.0134,0.1738,0.9936,1.3284,1.0734,0.6805,0.0013,0.4128,0.4631,0.2578,-0.1478
"37","AMGN",0.2304,0.0074,0.0927,0.2337,0.3121,-0.5703,0.1639,0.5025,0.597,0.0269,0.386,-0.0978
"38","APH",0.0677,0.0211,0.2847,1.382,1.5422,2.0158,0.7505,2e-04,0.2201,0.5633,0.3074,-0.1343
"39","ADI",0.1568,0.0213,0.2874,1.1202,1.1885,0.6077,0.7403,3e-04,0.6352,0.548,0.2469,-0.0861
"40","ANDV",-0.3117,-0.0234,-0.2474,1.0702,0.7803,-0.9645,0.3587,0.1316,-0.4642,0.1286,0.6715,-0.5279
"41","ANSS",0.1224,0.0301,0.4277,1.5456,1.5007,1.6386,0.8223,0,0.4228,0.6761,0.2894,-0.0847
"42","ANTM",-0.0143,0.0158,0.2064,1.391,0.5408,0.1676,0.662,0.002,-0.0365,0.4382,0.3911,-0.1924
"43","AON",0.1029,-0.0017,-0.0201,0.4077,0.0992,0.029,0.3663,0.123,0.3579,0.1342,0.2875,-0.3689
"44","APA",0.0954,0.0183,0.2431,1.1325,1.4771,2.1927,0.6166,0.0049,0.2725,0.3802,0.35,-0.1395
"45","AIV",-0.2172,0.0323,0.4642,2.5948,3.2227,1.8152,0.8207,0,-0.3739,0.6735,0.5808,-0.1813
"46","AAPL",0.1175,0.0318,0.4555,1.4483,0.9676,2.0516,0.6518,0.0025,0.2797,0.4249,0.4202,-0.0937
"47","AMAT",-0.005,8e-04,0.0097,0.9311,0.7857,1.0667,0.6337,0.0036,-0.0183,0.4016,0.2744,-0.2774
"48","ADM",0.1048,-6e-04,-0.0073,0.2175,0.6185,0.2605,0.1119,0.6484,0.2086,0.0125,0.5023,-0.6829
"49","AJG",0.189,0.0251,0.3472,1.081,0.7663,1.7392,0.6225,0.0044,0.576,0.3875,0.3281,-0.0595
"50","AIZ",-0.1982,0.0081,0.1018,1.8102,2.4916,-0.4604,0.7268,4e-04,-0.4344,0.5282,0.4562,-0.2494
"51","T",0.0736,-0.0017,-0.02,0.5501,0.6065,0.2383,0.5091,0.026,0.2955,0.2592,0.249,-0.3266
"52","ADSK",-0.1763,0.0232,0.3175,2.3844,1.9065,2.111,0.8887,0,-0.395,0.7898,0.4463,-0.1802
"53","ADP",0.1377,0.0043,0.0522,0.5387,1.0149,0.6752,0.493,0.032,0.5405,0.243,0.2547,-0.2147
"54","AZO",0.4939,0.0322,0.4627,0.4584,0.3258,-0.519,0.3324,0.1644,1.4544,0.1105,0.3395,0.5247
"55","AVB",0.0075,0.0159,0.208,1.4838,1.924,2.1357,0.8752,0,0.0325,0.7659,0.2295,-0.1657
"56","AVY",-0.0693,0.0092,0.1164,1.5326,1.543,1.7312,0.8304,0,-0.2483,0.6895,0.2791,-0.2105
"57","BLL",0.2552,0.0176,0.2331,0.5995,0.574,-1.3034,0.4306,0.0657,0.8032,0.1855,0.3178,0.0033
"58","BAC",-0.2603,0.0536,0.8711,3.1184,2.9363,6.3223,0.7136,6e-04,-0.2901,0.5093,0.8972,-0.1647
"59","BAX",0.2048,0.0046,0.056,0.3083,0.5605,-0.22,0.3339,0.1624,0.7643,0.1115,0.2679,-0.1574
"60","BDX",0.1942,0.0113,0.1446,0.6107,0.9969,-0.3622,0.5281,0.0201,0.7629,0.2789,0.2546,-0.0968
"61","BBY",0.0312,0.0222,0.301,1.4338,1.223,-0.2428,0.6224,0.0044,0.0698,0.3874,0.447,-0.1549
"62","BIIB",0.0084,-0.0066,-0.0767,0.3977,0.8583,0.9116,0.2192,0.3672,0.0187,0.0481,0.4506,-0.6157
"63","BLK",0.1833,0.0479,0.7528,1.9103,2.5367,1.6683,0.8284,0,0.4813,0.6863,0.3808,-0.0366
"64","HRB",0.1548,0.0052,0.0641,0.4284,1.3528,-2.6236,0.3041,0.2055,0.4405,0.0925,0.3515,-0.2298
"65","BA",-0.1135,-0.0023,-0.0273,1.3098,0.582,1.7475,0.7864,1e-04,-0.4382,0.6184,0.2589,-0.28
"66","BWA",0.0563,0.0362,0.5327,1.904,1.2696,3.687,0.7936,1e-04,0.136,0.6297,0.4139,-0.1035
"67","BXP",-0.0653,0.0128,0.1649,1.5856,1.8447,2.1804,0.7507,2e-04,-0.179,0.5635,0.3647,-0.2009
"68","BSX",0.1229,0.027,0.376,1.2839,1.2495,-0.2325,0.6207,0.0046,0.3097,0.3853,0.3968,-0.1016
"69","BMY",0.0925,0.001,0.0122,0.5489,0.0505,-0.3794,0.4347,0.0629,0.3137,0.1889,0.2949,-0.293
"70","CHRW",0.2913,0.0263,0.3651,0.8584,0.3215,0.844,0.6131,0.0053,1.084,0.3759,0.2687,0.0443
"71","CA",0.0634,0.001,0.0125,0.6962,0.9238,-0.9215,0.5757,0.0099,0.2542,0.3314,0.2493,-0.2728
"72","CDNS",-0.2095,-0.0012,-0.0148,1.4762,1.1424,1.5754,0.5822,0.0089,-0.4109,0.3389,0.51,-0.3135
"73","CPB",0.1525,1e-04,7e-04,0.3007,0.5207,-0.0179,0.3026,0.2079,0.5375,0.0916,0.2837,-0.3352
"74","COF",-0.1278,0.0279,0.3915,1.953,1.7722,3.73,0.6148,0.0051,-0.1979,0.378,0.646,-0.1951
"75","CAH",-0.0781,-0.0116,-0.1302,0.7868,1.0449,0.2673,0.5873,0.0082,-0.2933,0.3449,0.2663,-0.4212
"76","KMX",0.0034,0.0147,0.191,1.1096,0.5331,0.3547,0.4491,0.0537,0.0065,0.2017,0.5327,-0.2252
"77","CCL",-0.0137,0.013,0.1671,1.3556,1.5856,1.2094,0.6997,9e-04,-0.0397,0.4896,0.3444,-0.1969
"78","CAT",-0.0958,0.0163,0.2135,1.8188,2.2875,2.1637,0.837,0,-0.2754,0.7006,0.3479,-0.1919
"79","CNC",0.1317,0.0245,0.3373,1.0795,0.8223,-0.4994,0.4689,0.0428,0.2685,0.2199,0.4905,-0.1126
"80","CNP",0.0373,3e-04,0.0031,0.7241,0.9111,-0.5903,0.5229,0.0216,0.1278,0.2734,0.2921,-0.2982
"81","CERN",0.3075,0.038,0.5646,1.2239,-0.0264,2.1166,0.6873,0.0011,0.972,0.4723,0.3164,0.0443
"82","CF",0.1224,0.0255,0.3521,0.9073,1.2958,1.4485,0.3405,0.1538,0.2025,0.1159,0.6043,-0.1443
"83","SCHW",0.0925,0.0222,0.3009,1.3357,1.4006,2.4763,0.7356,3e-04,0.3011,0.5412,0.3073,-0.1204
"84","CVX",0.1215,0.0039,0.0477,0.5862,0.4898,0.591,0.5266,0.0205,0.488,0.2773,0.2489,-0.2249
"85","CMG",-0.0249,0.0073,0.0908,1.0505,0.5119,1.5529,0.4717,0.0414,-0.0525,0.2225,0.4734,-0.2648
"86","CB",0.0949,0.004,0.0495,0.6788,0.0363,1.3364,0.5488,0.015,0.3637,0.3012,0.2609,-0.2333
"87","CHD",0.2469,0.0094,0.119,0.3883,0.2672,-0.0497,0.4679,0.0433,1.0728,0.219,0.2302,-0.0165
"88","CI",-0.1466,0.0228,0.3106,2.0473,2.2804,-0.4188,0.7527,2e-04,-0.2933,0.5666,0.4999,-0.1953
"89","CINF",-0.0089,-0.0037,-0.0434,0.7233,1.0699,0.6799,0.4836,0.0359,-0.0277,0.2339,0.3225,-0.3625
"90","CTAS",0.0887,0.0074,0.092,0.8563,1.1566,1.1739,0.6721,0.0016,0.3859,0.4518,0.23,-0.1922
"91","CSCO",0.0435,0.0089,0.1122,1.1226,0.9113,1.2239,0.858,0,0.2642,0.7361,0.1646,-0.1869
"92","C",-0.5181,-0.0047,-0.0549,3.1257,2.4444,6.98,0.7476,2e-04,-0.6147,0.5589,0.8428,-0.2468
"93","CTXS",0.1691,0.02,0.2682,0.988,-0.1745,2.1279,0.6096,0.0056,0.5459,0.3716,0.3097,-0.0853
"94","CME",-0.101,0.0057,0.0708,1.2864,0.582,2.3629,0.5022,0.0284,-0.1876,0.2522,0.5382,-0.2754
"95","CMS",0.0779,-9e-04,-0.011,0.5473,0.3236,-0.0851,0.4691,0.0427,0.2874,0.2201,0.2712,-0.3204
"96","KO",0.1315,0.0033,0.0398,0.5481,0.8394,0.7193,0.5711,0.0107,0.6009,0.3261,0.2189,-0.2221
"97","CTSH",0.1646,0.0233,0.319,1.135,0.7518,1.4536,0.6893,0.0011,0.5688,0.4751,0.2894,-0.0782
"98","CL",0.2078,0.0099,0.1254,0.5308,1.0127,-0.7048,0.5404,0.0169,0.9071,0.292,0.229,-0.0858
"99","CMCSA",0.0479,0.0048,0.0594,0.8668,1.1548,0.5136,0.5971,0.0069,0.1695,0.3566,0.2824,-0.237
"100","CMA",-0.0874,5e-04,0.0063,1.167,0.9467,2.3017,0.5894,0.0079,-0.2255,0.3474,0.3875,-0.2919
"101","CAG",0.1454,0.0147,0.1914,0.9148,1.2258,0.5123,0.6735,0.0016,0.5987,0.4537,0.2428,-0.118
"102","COP",-0.06,0.0014,0.0168,1.1885,1.4322,0.8506,0.7372,3e-04,-0.2252,0.5435,0.2664,-0.2636
"103","ED",0.1508,-0.0029,-0.034,0.2112,0.0065,-0.1404,0.2609,0.2806,0.5634,0.0681,0.2676,-0.4854
"104","STZ",-0.0791,-0.0017,-0.0207,0.9999,1.7827,-2.1966,0.525,0.021,-0.2024,0.2757,0.3906,-0.3324
"105","GLW",0.0335,0.0202,0.2719,1.4432,1.183,1.2959,0.7386,3e-04,0.1,0.5455,0.335,-0.1523
"106","COST",0.0533,9e-04,0.0104,0.7708,0.6337,0.7284,0.7344,3e-04,0.2953,0.5393,0.1803,-0.2595
"107","CCI",-0.0497,0.0182,0.242,1.6402,1.3202,1.0318,0.7336,4e-04,-0.1251,0.5382,0.3973,-0.1847
"108","CSX",0.1673,0.026,0.3603,1.2323,1.9506,1.2802,0.7286,4e-04,0.5874,0.5309,0.2847,-0.0698
"109","CMI",6e-04,0.0465,0.7244,2.3636,2.3223,2.5022,0.8447,0,0.0013,0.7135,0.4882,-0.1069
"110","CVS",0.1324,0.0059,0.0725,0.6704,0.4887,0.768,0.7075,7e-04,0.7359,0.5006,0.1799,-0.1804
"111","DHI",0.1227,0.0298,0.4232,0.8465,1.5697,2.3498,0.2722,0.2596,0.1699,0.0741,0.7222,-0.1543
"112","DHR",0.0735,0.0048,0.0595,0.8614,1.0446,0.6094,0.8437,0,0.5399,0.7119,0.1362,-0.2087
"113","DRI",0.1813,0.0313,0.4476,1.0814,0.5554,0.6309,0.4175,0.0753,0.3194,0.1743,0.5676,-0.0666
"114","DVA",0.1213,-0.0056,-0.0655,0.2054,-0.2119,-0.2932,0.2429,0.3163,0.4407,0.059,0.2752,-0.6426
"115","DE",-0.1063,0.0106,0.1343,1.7504,1.5982,2.5104,0.8967,0,-0.3855,0.804,0.2759,-0.2055
"116","DAL",-0.2835,-0.0312,-0.3166,0.1476,-1.8803,0.6955,0.0429,0.8617,-0.3318,0.0018,0.8542,-3.6358
"117","XRAY",0.0787,0.0127,0.1633,1.1255,1.4439,0.7131,0.8477,0,0.4564,0.7185,0.1724,-0.1551
"118","DVN",0.0348,0.0125,0.1603,1.0996,1.0901,1.959,0.5669,0.0114,0.0903,0.3214,0.3859,-0.1987
"119","DLR",0.2398,0.0307,0.4378,1.1778,1.4834,-0.009,0.7373,3e-04,0.9097,0.5437,0.2636,-0.0115
"120","DFS",0.0306,0.0292,0.4123,1.7345,1.4656,2.2688,0.7527,2e-04,0.0754,0.5666,0.4062,-0.1284
"121","DISH",-0.1666,2e-04,0.0021,1.4988,1.2447,1.1052,0.67,0.0017,-0.3987,0.4489,0.4179,-0.2802
"122","DLTR",0.5189,0.0314,0.4496,0.3535,0.112,0.2526,0.2667,0.2697,1.5038,0.0711,0.3451,0.7514
"123","D",0.0964,5e-04,0.0058,0.5749,0.6332,-0.2377,0.6066,0.0059,0.4622,0.3679,0.2085,-0.273
"124","DOV",0.0967,0.0236,0.3234,1.4503,1.5242,0.583,0.8888,0,0.4596,0.79,0.2103,-0.108
"125","DTE",0.0688,0.0025,0.0304,0.7454,0.4776,0.1361,0.6538,0.0024,0.3175,0.4274,0.2168,-0.2475
"126","DUK",0.121,-0.002,-0.0242,0.4051,0.4876,0.1269,0.6406,0.0031,0.6539,0.4104,0.1851,-0.3265
"127","DRE",-0.2085,0.0315,0.4501,2.4215,2.5755,2.5244,0.6476,0.0027,-0.2717,0.4194,0.7674,-0.1907
"128","DXC",0.1495,0.021,0.2826,1.089,0.9948,-0.8734,0.6531,0.0024,0.4899,0.4265,0.3051,-0.0954
"129","EMN",0.0199,0.0401,0.6026,2.1909,1.2982,4.9729,0.8331,0,0.0439,0.6941,0.453,-0.1065
"130","ETN",-0.0648,0.0053,0.0659,1.3605,1.2403,0.5277,0.7813,1e-04,-0.2349,0.6104,0.276,-0.2338
"131","EBAY",-0.0796,0.0147,0.192,1.774,1.8287,2.8347,0.8835,0,-0.271,0.7806,0.2936,-0.1876
"132","ECL",0.1265,0.0082,0.103,0.7506,0.9832,1.3061,0.6605,0.0021,0.5903,0.4362,0.2143,-0.169
"133","EIX",-0.0211,-0.01,-0.1131,0.6574,0.5531,0.2275,0.6867,0.0012,-0.1128,0.4715,0.187,-0.4174
"134","EW",0.4745,0.0316,0.4523,0.5596,0.2009,0.4393,0.5015,0.0287,1.8555,0.2515,0.2557,0.3953
"135","EA",-0.2062,-0.0067,-0.0775,1.4934,2.0044,2.12,0.733,4e-04,-0.5816,0.5372,0.3546,-0.3077
"136","EMR",-0.0169,0.004,0.0493,1.1379,1.3039,0.9671,0.7599,2e-04,-0.0713,0.5774,0.237,-0.2374
"137","ETR",0.0428,-0.0027,-0.0315,0.6253,0.6546,-0.153,0.5229,0.0216,0.1635,0.2734,0.2617,-0.3366
"138","EOG",0.1328,0.019,0.253,0.8578,1.0432,2.7913,0.3927,0.0963,0.2736,0.1542,0.4853,-0.1404
"139","EQT",0.0426,3e-04,0.004,0.6495,0.1492,0.9028,0.43,0.0661,0.1255,0.1849,0.3393,-0.3244
"140","EFX",0.0661,0.0133,0.1712,1.1807,1.3498,1.83,0.8302,0,0.3375,0.6893,0.196,-0.1585
"141","EQIX",0.0273,0.0281,0.395,1.7043,0.3843,2.4868,0.725,4e-04,0.0641,0.5256,0.4255,-0.1326
"142","EQR",0.0248,0.0151,0.1974,1.3232,2.0157,2.2426,0.7347,3e-04,0.0815,0.5398,0.3046,-0.1727
"143","ESS",0.0258,0.0044,0.0541,0.9669,1.6812,1.8792,0.6852,0.0012,0.1042,0.4695,0.2478,-0.2353
"144","EL",0.1125,0.0268,0.3741,1.4709,1.6372,0.952,0.8388,0,0.4383,0.7035,0.2566,-0.0957
"145","RE",0.0569,-0.0063,-0.0728,0.4303,0.3416,0.7776,0.4264,0.0687,0.2195,0.1818,0.2593,-0.4564
"146","ES",0.0812,-0.0046,-0.0538,0.434,0.3759,-0.8049,0.523,0.0216,0.3721,0.2735,0.2183,-0.3964
"147","EXC",0.0099,-0.0079,-0.0911,0.5671,0.7625,-0.1532,0.5324,0.0189,0.0412,0.2835,0.241,-0.4292
"148","EXPE",-0.1138,0.0297,0.4215,2.258,1.8333,5.0915,0.7924,1e-04,-0.2201,0.6279,0.5171,-0.1626
"149","EXPD",0.0791,0.0028,0.034,0.64,0.18,1.3268,0.4455,0.056,0.2458,0.1984,0.3219,-0.2721
"150","ESRX",0.2367,0.0295,0.4174,1.1204,1.348,1.6939,0.6314,0.0037,0.7111,0.3987,0.3329,-0.0148
"151","EXR",0.0276,0.0221,0.2995,1.4995,1.7739,0.0896,0.7075,7e-04,0.0724,0.5006,0.3805,-0.1505
"152","XOM",0.1348,-0.0023,-0.0273,0.3075,0.2825,0.1341,0.3825,0.1061,0.5509,0.1463,0.2448,-0.3853
"153","FFIV",0.4334,0.0568,0.9409,1.3668,-0.0455,0.8682,0.5667,0.0114,0.8899,0.3212,0.487,0.1317
"154","FAST",0.1656,0.017,0.2245,0.9197,1.725,1.4028,0.6437,0.0029,0.6266,0.4144,0.2642,-0.0954
"155","FRT",0.0291,0.0169,0.2232,1.3805,1.8685,1.5445,0.7648,1e-04,0.0987,0.585,0.2948,-0.1624
"156","FDX",-0.0388,-2e-04,-0.0029,1.0429,1.0812,2.0526,0.6722,0.0016,-0.1401,0.4519,0.277,-0.2801
"157","FIS",0.1535,0.005,0.0619,0.4372,0.2743,-0.6585,0.3224,0.1782,0.4545,0.104,0.3378,-0.2283
"158","FITB",-0.3278,0.0512,0.8207,2.9635,1.7944,5.923,0.6477,0.0027,-0.3399,0.4195,0.9643,-0.1961
"159","FE",-0.021,-0.0128,-0.1432,0.4177,0.938,0.1924,0.3061,0.2024,-0.0613,0.0937,0.3431,-0.6568
"160","FISV",0.1798,0.0254,0.3507,1.1862,1.5139,0.0919,0.7708,1e-04,0.7475,0.5942,0.2405,-0.062
"161","FLS",0.1175,0.0386,0.5746,1.6778,2.1585,1.7663,0.7009,8e-04,0.2654,0.4913,0.4427,-0.0809
"162","FLR",0.0611,0.0266,0.3702,1.4808,1.5745,0.2031,0.6641,0.0019,0.1462,0.441,0.4182,-0.1298
"163","FMC",0.1776,0.0225,0.3061,1.039,0.9262,1.1801,0.6411,0.0031,0.5921,0.411,0.2999,-0.0729
"164","FL",0.1751,0.0362,0.5317,1.1232,0.7599,1.2893,0.4499,0.0533,0.3254,0.2024,0.5382,-0.0696
"165","F",0.1199,0.111,2.5353,3.2164,1.8201,11.0553,0.5997,0.0066,0.103,0.3596,1.1641,-0.0415
"166","BEN",-0.0159,0.0134,0.1728,1.4822,1.4537,1.0063,0.868,0,-0.0675,0.7534,0.2351,-0.1816
"167","FCX",-0.0745,0.0283,0.3982,1.7991,1.7342,2.9812,0.6306,0.0038,-0.1312,0.3977,0.5673,-0.1822
"168","GPS",0.1441,0.0292,0.4118,1.4407,1.4201,2.0339,0.7979,0,0.509,0.6366,0.283,-0.0758
"169","GRMN",-0.3375,-0.0284,-0.2926,1.3463,0.6288,0.3497,0.5541,0.0138,-0.6825,0.3071,0.4945,-0.4388
"170","IT",0.1485,0.043,0.6572,1.8018,2.2533,1.522,0.7601,2e-04,0.3548,0.5777,0.4186,-0.0581
"171","GD",0.0233,0.0152,0.1978,1.3761,1.5251,0.9128,0.8047,0,0.0892,0.6476,0.2609,-0.1671
"172","GE",-0.2302,-0.0093,-0.1057,1.5999,2.1539,3.2839,0.7949,0,-0.7022,0.6319,0.3279,-0.3022
"173","GIS",0.2354,0.0051,0.0633,0.2439,0.4628,-0.4972,0.32,0.1816,0.9343,0.1024,0.252,-0.0733
"174","GPC",0.0876,0.0034,0.0421,0.7428,0.3469,0.9961,0.7442,3e-04,0.5089,0.5538,0.1722,-0.223
"175","GILD",0.2728,0.0117,0.1498,0.3635,0.6464,-0.9938,0.3713,0.1175,1.0201,0.1379,0.2675,0.0538
"176","GPN",0.1792,0.0136,0.1754,0.7308,0.8848,0.1056,0.5555,0.0135,0.6599,0.3086,0.2715,-0.1014
"177","GS",0.0293,0.0177,0.2342,1.3603,0.8956,2.7025,0.6952,0.001,0.0838,0.4832,0.35,-0.1646
"178","GT",-0.1857,0.0497,0.7901,3.0992,2.7877,7.2667,0.8206,0,-0.2559,0.6734,0.7256,-0.1417
"179","GWW",0.2418,0.025,0.3449,1.0204,0.9373,0.7132,0.7773,1e-04,1.2142,0.6041,0.1991,-0.0113
"180","HAL",-0.0356,0.0195,0.2603,1.5732,1.856,1.9842,0.6805,0.0013,-0.0825,0.4631,0.431,-0.1836
"181","HBI",-0.0787,0.049,0.7744,2.6684,1.2681,6.777,0.7614,2e-04,-0.1158,0.5797,0.6794,-0.1244
"182","HOG",-0.2014,0.0284,0.4,2.5215,2.1183,4.9304,0.759,2e-04,-0.3159,0.5761,0.6374,-0.1803
"183","HIG",-0.4599,0.0547,0.8946,3.8394,4.2576,1.7159,0.7421,3e-04,-0.4258,0.5507,1.0802,-0.1858
"184","HAS",0.2147,0.0225,0.3063,0.9668,1.1829,0.9503,0.6527,0.0024,0.7934,0.426,0.2706,-0.0399
"185","HP",0.188,0.0328,0.4728,1.1787,1.1615,2.5865,0.5,0.0292,0.3807,0.25,0.4938,-0.0554
"186","HSIC",0.1424,0.0112,0.1433,0.7973,0.931,0.185,0.6524,0.0025,0.6233,0.4256,0.2285,-0.1391
"187","HES",0.0765,0.0194,0.2593,1.094,1.5993,0.5631,0.4804,0.0373,0.1589,0.2308,0.4818,-0.1616
"188","HOLX",-0.1528,-0.0088,-0.1009,1.094,1.2447,1.4025,0.5498,0.0147,-0.3808,0.3023,0.4012,-0.3712
"189","HD",0.1809,0.0114,0.1456,0.6329,0.513,0.8586,0.4828,0.0363,0.6229,0.2331,0.2904,-0.1144
"190","HON",-0.0304,0.0075,0.0935,1.3257,1.8006,0.5392,0.837,0,-0.1362,0.7006,0.2231,-0.214
"191","HRL",0.1938,0.0092,0.1163,0.5128,1.1112,-0.3882,0.4425,0.0578,0.7007,0.1958,0.2766,-0.116
"192","HST",-0.1345,0.0494,0.7843,2.8458,1.548,6.6802,0.7199,5e-04,-0.1688,0.5183,0.7969,-0.1363
"193","HPQ",0.1106,0.0125,0.1609,0.9829,1.097,0.4516,0.7582,2e-04,0.543,0.5749,0.2038,-0.1451
"194","HUM",-0.1785,0.0032,0.0386,1.5458,1.2208,0.0866,0.637,0.0034,-0.3801,0.4058,0.4696,-0.2793
"195","HBAN",-0.2731,0.0373,0.5526,2.3187,0.7818,5.1525,0.5462,0.0156,-0.2987,0.2983,0.9141,-0.227
"196","IDXX",0.1025,0.0265,0.3682,1.466,1.5997,0.8204,0.8202,0,0.3787,0.6728,0.2708,-0.1028
"197","ITW",0.0747,0.0144,0.1872,1.1874,1.3278,-0.0015,0.8298,0,0.378,0.6887,0.1976,-0.1504
"198","ILMN",0.4598,0.0374,0.5537,0.6287,1.2604,0.3393,0.3512,0.1403,1.1115,0.1234,0.4137,0.3285
"199","INCY",-0.2046,0.0176,0.2332,2.0917,3.5438,0.1343,0.7041,8e-04,-0.3574,0.4958,0.5724,-0.2189
"200","INTC",0.0174,0.0074,0.0928,1.1329,1.0864,0.6323,0.7826,1e-04,0.0792,0.6124,0.2196,-0.2082
"201","ICE",0.0711,0.0312,0.4461,1.52,0.296,3.1366,0.6032,0.0063,0.1422,0.3638,0.5004,-0.1198
"202","IBM",0.2711,0.0193,0.258,0.6892,1.207,0.5526,0.6333,0.0036,1.2531,0.4011,0.2164,0.0259
"203","IP",-0.1318,0.0481,0.757,2.826,2.3158,6.3312,0.7749,1e-04,-0.186,0.6004,0.7088,-0.1363
"204","IPG",-0.0729,0.0168,0.2217,1.5791,1.1655,3.1235,0.6011,0.0065,-0.1389,0.3613,0.5249,-0.2066
"205","IFF",0.0483,0.0019,0.0226,0.8349,1.0657,1.2752,0.7782,1e-04,0.2888,0.6057,0.1672,-0.2455
"206","INTU",0.2324,0.0207,0.2785,0.7908,0.926,-0.6253,0.5251,0.021,0.7426,0.2757,0.313,-0.0264
"207","ISRG",-0.1032,0.02,0.2689,1.8969,2.5206,3.2584,0.719,5e-04,-0.2097,0.517,0.4919,-0.1879
"208","IVZ",0.0358,0.0262,0.3638,1.693,1.7713,-0.0023,0.8423,0,0.1157,0.7095,0.3099,-0.1284
"209","IRM",0.1227,0.023,0.3133,1.2606,0.3788,1.6777,0.6971,9e-04,0.3851,0.4859,0.3188,-0.1036
"210","JBHT",0.3765,0.0406,0.6119,1.1748,1.6067,2.2581,0.7616,2e-04,1.5393,0.58,0.2446,0.1049
"211","SJM",0.3424,0.0299,0.4249,0.7687,1.5201,-0.7777,0.475,0.0398,0.9848,0.2257,0.3477,0.1159
"212","JNJ",0.176,0.0082,0.1035,0.6224,0.9372,0.0534,0.7989,0,1.2131,0.6382,0.145,-0.1242
"213","JCI",0.0417,0.0165,0.2172,1.3324,2.0235,1.776,0.7662,1e-04,0.1485,0.587,0.281,-0.1588
"214","JPM",0.1247,0.025,0.3445,1.194,1.0989,3.3292,0.5579,0.0131,0.2896,0.3112,0.4307,-0.1077
"215","JNPR",0.1067,0.0323,0.4648,1.6113,1.3142,3.4659,0.7252,4e-04,0.2688,0.5259,0.397,-0.091
"216","K",0.1915,0.0111,0.141,0.6244,0.9632,0.14,0.5641,0.0119,0.804,0.3182,0.2382,-0.099
"217","KEY",-0.3607,-0.058,-0.5117,0.2535,-0.0484,-0.6873,0.1163,0.6353,-0.6539,0.0135,0.5516,-2.4225
"218","KMB",0.1355,-0.0012,-0.0139,0.374,0.2981,0.3878,0.5351,0.0182,0.6533,0.2863,0.2074,-0.315
"219","KIM",-0.2887,0.0162,0.2129,2.3549,2.7887,2.6692,0.6572,0.0022,-0.3964,0.4319,0.7282,-0.2301
"220","KLAC",-0.0732,0.0188,0.2502,1.8602,1.1727,2.852,0.8339,0,-0.2021,0.6953,0.362,-0.1755
"221","KSS",0.177,0.0223,0.3034,1.0813,0.9885,0.7728,0.7018,8e-04,0.6674,0.4926,0.2652,-0.0705
"222","KR",0.112,-0.0044,-0.0516,0.3114,0.027,0.6603,0.3975,0.0919,0.4668,0.158,0.2399,-0.4538
"223","LH",0.2125,0.0124,0.1591,0.6404,0.7242,0.2631,0.6912,0.001,1.1603,0.4777,0.1832,-0.0636
"224","LRCX",-0.0559,0.0064,0.0799,1.3814,1.0849,1.7326,0.8137,0,-0.219,0.662,0.255,-0.2238
"225","LEG",0.1498,0.0267,0.3713,1.2918,0.9545,0.1892,0.7112,6e-04,0.4747,0.5059,0.3156,-0.0801
"226","LEN",-0.018,0.0292,0.413,1.7285,2.4339,1.5127,0.6759,0.0015,-0.037,0.4569,0.487,-0.157
"227","LLY",0.0623,0.0079,0.0986,0.9622,1.5142,-0.0747,0.7026,8e-04,0.265,0.4937,0.235,-0.1985
"228","LNC",-0.2865,0.0581,0.9688,3.3807,3.546,2.7971,0.7395,3e-04,-0.3056,0.5469,0.9376,-0.1597
"229","LKQ",0.136,0.0207,0.2781,0.9805,2.0501,0.7966,0.4921,0.0324,0.3253,0.2421,0.4181,-0.1196
"230","LMT",0.1036,0.0197,0.2642,1.2819,1.3383,0.7315,0.8654,0,0.5413,0.7489,0.1914,-0.1168
"231","L",-0.0293,0.0068,0.085,1.3185,1.0648,0.8467,0.855,0,-0.1414,0.7311,0.2075,-0.2143
"232","LOW",0.1403,0.0168,0.2213,0.9495,0.4364,1.0695,0.5691,0.011,0.4242,0.3239,0.3308,-0.119
"233","MTB",-0.0134,0.0069,0.0859,0.9913,0.2709,2.7299,0.4612,0.0469,-0.0291,0.2127,0.4596,-0.269
"234","MAC",-0.3114,0.0888,1.7749,3.6643,2.531,6.9344,0.5237,0.0214,-0.1979,0.2743,1.5735,-0.1541
"235","M",-0.1675,0.0251,0.3463,2.1778,1.3087,2.1317,0.6804,0.0013,-0.2647,0.4629,0.6326,-0.1932
"236","MRO",-0.0636,0.0028,0.0338,1.2191,1.3037,1.4717,0.6904,0.0011,-0.2036,0.4767,0.3123,-0.2599
"237","MAR",-0.0117,0.0222,0.3013,1.7123,1.1715,2.9521,0.7719,1e-04,-0.0307,0.5958,0.3808,-0.1548
"238","MMC",0.1544,0.0119,0.1519,0.7496,0.7001,0.4793,0.5556,0.0135,0.5573,0.3086,0.277,-0.1319
"239","MLM",-0.0162,3e-04,0.0042,0.9478,1.2526,-0.275,0.6383,0.0033,-0.0588,0.4074,0.2758,-0.2843
"240","MAS",-0.1284,0.0358,0.5253,2.4717,2.6768,2.881,0.8448,0,-0.2479,0.7136,0.5179,-0.1544
"241","MA",0.1469,0.0184,0.2446,0.9235,1.0698,0.9327,0.5077,0.0265,0.3886,0.2578,0.3781,-0.1152
"242","MAT",0.1686,0.0265,0.3681,1.2008,1.5294,0.581,0.6353,0.0035,0.4748,0.4036,0.3551,-0.0705
"243","MKC",0.1857,0.0071,0.0885,0.4896,1.1011,-0.7413,0.4925,0.0322,0.7672,0.2426,0.2421,-0.138
"244","MCD",0.2541,0.0127,0.164,0.515,0.6529,0.0459,0.6353,0.0035,1.3311,0.4035,0.1909,0.0015
"245","MCK",0.0429,0.0024,0.0293,0.7214,1.0315,-1.3929,0.4593,0.0479,0.1251,0.2109,0.3429,-0.2916
"246","MDT",0.0554,0.0044,0.0544,0.8485,1.1039,0.2471,0.6557,0.0023,0.2325,0.4299,0.2383,-0.2332
"247","MRK",-0.09,-0.0135,-0.1507,0.7227,-0.159,-0.7171,0.4825,0.0364,-0.2785,0.2328,0.3232,-0.475
"248","MET",-0.1228,0.0245,0.337,2.1559,2.3038,2.3926,0.8543,0,-0.2914,0.7298,0.4214,-0.1744
"249","MTD",0.0243,0.0082,0.1026,1.0558,1.5078,1.4053,0.6252,0.0042,0.0765,0.3909,0.3179,-0.2169
"250","MGM",-0.546,0.0885,1.7675,5.1131,2.7881,13.1666,0.5371,0.0177,-0.2511,0.2885,2.1743,-0.1563
"251","MCHP",0.1376,0.017,0.2244,1.0259,1.3027,0.7767,0.7223,5e-04,0.5809,0.5217,0.2368,-0.1128
"252","MU",-0.0106,0.0124,0.1593,0.7668,-1.4907,3.2141,0.2575,0.2871,-0.0152,0.0663,0.6957,-0.3441
"253","MSFT",0.0857,0.0104,0.1318,0.9893,0.8364,0.8416,0.7454,2e-04,0.4019,0.5556,0.2132,-0.1694
"254","MAA",0.1462,0.0258,0.3582,1.267,1.7608,2.6296,0.7007,8e-04,0.4603,0.491,0.3175,-0.0846
"255","MHK",-0.1323,0.0415,0.6283,2.5111,1.6244,3.2089,0.7116,6e-04,-0.189,0.5064,0.6998,-0.1535
"256","TAP",0.1226,0.0134,0.1735,0.8366,1.1625,0.7447,0.4817,0.0368,0.3324,0.232,0.3689,-0.1562
"257","MDLZ",0.1197,0.0053,0.066,0.648,0.998,0.4329,0.5613,0.0124,0.4877,0.315,0.2454,-0.2062
"258","MNST",0.0518,-0.0031,-0.0366,0.3627,-0.1784,0.9046,0.2,0.4116,0.1139,0.04,0.4549,-0.5555
"259","MCO",0.0786,0.0265,0.3688,1.5252,1.3349,2.9667,0.7454,2e-04,0.2233,0.5557,0.3522,-0.1145
"260","MS",-0.0346,0.0194,0.26,1.4349,1.6406,1.5984,0.5688,0.011,-0.0678,0.3235,0.511,-0.2007
"261","MSI",-0.1494,0.0183,0.2433,2.113,1.9029,2.5791,0.853,0,-0.3635,0.7277,0.4111,-0.1906
"262","NDAQ",-0.107,-0.0155,-0.171,0.5763,0.4036,-1.364,0.3135,0.1912,-0.2471,0.0983,0.4328,-0.6252
"263","NOV",-0.1255,0.0071,0.0884,1.4104,1.5062,1.7313,0.5751,0.01,-0.2544,0.3308,0.4935,-0.2686
"264","NTAP",0.1231,0.0308,0.4388,1.5287,1.6444,2.0428,0.7814,1e-04,0.3838,0.6106,0.3206,-0.0852
"265","NFLX",0.6683,0.0516,0.8291,0.6078,1.9865,-0.0499,0.2984,0.2146,1.3984,0.0891,0.4779,0.6828
"266","NWL",-0.1665,0.013,0.1679,1.8901,1.4519,5.6465,0.6595,0.0021,-0.2964,0.435,0.5617,-0.2221
"267","NFX",8e-04,0.0231,0.3148,1.5526,0.9344,4.4827,0.6499,0.0026,0.0017,0.4224,0.4574,-0.1626
"268","NEM",0.1627,0.0124,0.1588,0.4596,0.6394,-0.2885,0.2196,0.3664,0.3197,0.0482,0.509,-0.1971
"269","NEE",0.1533,0.0079,0.0992,0.6625,0.4227,1.0257,0.672,0.0016,0.7908,0.4516,0.1938,-0.1509
"270","NKE",0.1187,0.0103,0.131,0.8546,0.9451,1.8088,0.6648,0.0019,0.5072,0.442,0.234,-0.1575
"271","NI",0.0478,0.002,0.0245,0.8394,0.6585,1.5895,0.7532,2e-04,0.2642,0.5673,0.1809,-0.2448
"272","JWN",-0.0174,0.0283,0.3971,1.7525,1.4456,2.4053,0.6866,0.0012,-0.0361,0.4714,0.4826,-0.1545
"273","NSC",0.103,0.0138,0.1783,1.0223,1.3281,0.4713,0.6979,9e-04,0.4074,0.4871,0.2529,-0.147
"274","NTRS",0.0471,0.0037,0.0454,0.8037,1.1463,-0.4265,0.5353,0.0182,0.1523,0.2866,0.3093,-0.2566
"275","NOC",-0.0212,0.0037,0.0451,1.1416,1.3615,0.9876,0.7705,1e-04,-0.0922,0.5937,0.2301,-0.2405
"276","NRG",-0.0294,-7e-04,-0.0082,0.8346,0.5151,-0.0056,0.4518,0.0521,-0.0736,0.2041,0.3992,-0.3387
"277","NUE",0.1422,0.0201,0.2695,0.9623,0.381,0.4069,0.4906,0.033,0.345,0.2407,0.4121,-0.1155
"278","NVDA",-0.2207,-0.008,-0.0924,1.3457,-0.047,0.208,0.556,0.0134,-0.4487,0.3091,0.492,-0.3523
"279","ORLY",0.3501,0.0209,0.2816,0.3993,0.223,-0.161,0.2819,0.2422,0.9778,0.0795,0.3581,0.2425
"280","OXY",0.2334,0.0275,0.385,1.0829,1.1116,0.131,0.6884,0.0011,0.8464,0.4739,0.2757,-0.0184
"281","OMC",0.038,0.01,0.1267,1.1458,1.0558,1.9415,0.7381,3e-04,0.1493,0.5448,0.2549,-0.1879
"282","OKE",0.028,0.004,0.0488,0.9304,0.5129,1.3837,0.6585,0.0022,0.1092,0.4336,0.2568,-0.2421
"283","ORCL",0.2939,0.0294,0.4165,1.0362,1.0436,0.2721,0.8159,0,1.6587,0.6657,0.1772,0.0392
"284","PCAR",0.0479,0.0211,0.2845,1.4268,1.6168,1.2728,0.7034,8e-04,0.1322,0.4948,0.3624,-0.1439
"285","PKG",-0.0218,0.0203,0.2728,1.6703,2.0226,2.366,0.7854,1e-04,-0.0612,0.6169,0.356,-0.1647
"286","PH",-0.0521,0.0111,0.1421,1.4948,1.3004,1.6417,0.7654,1e-04,-0.1599,0.5859,0.3255,-0.2043
"287","PDCO",0.0526,0.004,0.0491,0.8269,1.532,0.4354,0.6123,0.0053,0.202,0.3749,0.2607,-0.2427
"288","PAYX",0.0423,8e-04,0.0095,0.8067,0.893,1.8763,0.7172,5e-04,0.2174,0.5143,0.1946,-0.2615
"289","PNR",0.1204,0.0162,0.2131,1.0953,1.1303,1.5183,0.7899,1e-04,0.584,0.624,0.2062,-0.1213
"290","PEP",0.0879,1e-04,0.0014,0.5861,1.1333,0.0236,0.5948,0.0072,0.4079,0.3538,0.2154,-0.2823
"291","PKI",0.015,0.0043,0.0533,0.955,1.2025,1.5847,0.6167,0.0049,0.051,0.3803,0.294,-0.2495
"292","PRGO",0.201,0.0278,0.3901,1.1042,2.0006,2.0334,0.597,0.007,0.5606,0.3564,0.3585,-0.0474
"293","PFE",0.0613,5e-04,0.0061,0.6919,0.533,0.2666,0.5972,0.0069,0.2596,0.3566,0.236,-0.2776
"294","PCG",0.1772,-0.0015,-0.0179,0.1839,-0.2062,-0.5547,0.268,0.2673,0.7,0.0718,0.2531,-0.4139
"295","PM",0.1857,0.0157,0.2059,0.8696,0.9751,0.2775,0.8026,2e-04,1.0802,0.6442,0.1719,-0.0594
"296","PNW",0.1036,0.0024,0.029,0.5956,0.7409,-0.2999,0.5455,0.0157,0.4297,0.2975,0.2411,-0.2513
"297","PXD",-0.0361,0.0432,0.6613,2.2058,2.1351,3.6332,0.7225,5e-04,-0.0615,0.5221,0.5858,-0.1312
"298","PNC",-0.0408,0.0147,0.1919,1.4314,1.4328,3.7774,0.6161,0.005,-0.09,0.3796,0.4531,-0.2054
"299","RL",0.1169,0.0369,0.5442,1.7846,1.23,1.3875,0.8336,0,0.3417,0.6948,0.3421,-0.0764
"300","PPG",0.039,0.012,0.1536,1.2675,1.1866,2.106,0.9064,0,0.2495,0.8215,0.1563,-0.1691
"301","PPL",0.045,-0.0039,-0.0455,0.5978,0.4781,0.8019,0.5888,0.008,0.2042,0.3467,0.2203,-0.3484
"302","PFG",-0.2726,0.0825,1.5894,3.9562,3.728,4.6349,0.7609,2e-04,-0.2522,0.579,1.081,-0.1329
"303","PG",0.0791,-0.0028,-0.0327,0.5166,0.9209,0.2546,0.5812,0.0091,0.3775,0.3378,0.2097,-0.3371
"304","PGR",0.1503,0.0193,0.2579,1.0743,0.9987,2.0273,0.731,4e-04,0.6203,0.5344,0.2423,-0.0959
"305","PLD",-0.2538,0.0189,0.2525,2.461,2.7353,1.8821,0.8138,0,-0.4608,0.6622,0.5508,-0.2061
"306","PRU",-0.1691,0.0615,1.047,3.2044,3.6171,3.1085,0.8437,0,-0.2337,0.7119,0.7236,-0.1318
"307","PEG",0.0625,-1e-04,-0.0012,0.6281,0.381,0.8263,0.4997,0.0294,0.2253,0.2497,0.2773,-0.3038
"308","PSA",0.1879,0.0211,0.2853,0.9527,1.2681,0.6926,0.591,0.0077,0.5991,0.3493,0.3136,-0.0686
"309","PHM",0.1931,0.024,0.3299,0.6268,2.0243,0.3035,0.2277,0.3485,0.2961,0.0519,0.6522,-0.096
"310","PVH",0.0269,0.0394,0.5894,2.0501,1.4286,2.7924,0.7862,1e-04,0.0581,0.6181,0.4636,-0.1104
"311","QCOM",0.366,0.0353,0.5163,0.9773,1.242,0.7316,0.6444,0.0029,1.3094,0.4153,0.2795,0.1154
"312","PWR",0.1547,0.0329,0.4754,1.452,1.2269,-0.0289,0.7012,8e-04,0.4157,0.4916,0.3721,-0.0679
"313","DGX",0.2779,0.0191,0.2545,0.6941,0.5616,0.0672,0.7338,3e-04,1.6198,0.5384,0.1715,0.0354
"314","RRC",0.2829,0.0157,0.2061,0.2843,0.5432,1.9838,0.1615,0.509,0.6247,0.0261,0.4529,0.1043
"315","RJF",-0.0668,0.0118,0.1508,1.3075,1.5469,1.3,0.5078,0.0264,-0.1237,0.2579,0.5396,-0.2448
"316","O",0.1622,0.0173,0.2288,0.9564,1.0604,1.1116,0.6748,0.0015,0.6428,0.4554,0.2523,-0.0953
"317","REG",-0.0429,0.0278,0.3893,1.869,2.3323,1.4692,0.7175,5e-04,-0.0886,0.5148,0.4849,-0.1585
"318","REGN",0.1141,0.0242,0.333,1.076,2.238,-1.4573,0.4273,0.0681,0.2077,0.1826,0.5491,-0.1294
"319","RF",-0.4141,-0.0508,-0.4654,0.6877,-0.6875,3.3019,0.254,0.2941,-0.6514,0.0645,0.6357,-0.9704
"320","RSG",0.105,0.0152,0.198,1.0368,1.3614,0.3441,0.6552,0.0023,0.3644,0.4293,0.2882,-0.143
"321","RMD",0.1925,0.0168,0.2213,0.7537,1.4151,-0.7108,0.4779,0.0385,0.5676,0.2284,0.3391,-0.0807
"322","RHI",0.2284,0.0308,0.4398,1.167,1.4234,2.2194,0.6299,0.0038,0.6544,0.3968,0.3491,-0.0213
"323","ROK",-0.0916,0.0204,0.2735,1.9017,2.0433,2.263,0.7688,1e-04,-0.2088,0.591,0.4388,-0.1814
"324","ROP",0.0717,-0.0021,-0.025,0.5612,0.8008,0.4942,0.5808,0.0091,0.3301,0.3373,0.2171,-0.3237
"325","ROST",0.5477,0.0459,0.7143,0.9123,0.8315,0.6636,0.6562,0.0023,2.1587,0.4306,0.2537,0.3227
"326","RCL",-0.2465,0.057,0.9445,3.2964,2.5211,5.6253,0.746,2e-04,-0.274,0.5565,0.8996,-0.1516
"327","SPGI",0.0374,0.0162,0.2131,1.3585,0.7025,2.8849,0.7775,1e-04,0.1344,0.6045,0.2786,-0.1589
"328","CRM",0.0498,0.0289,0.4083,1.6186,1.9067,2.2994,0.707,7e-04,0.1193,0.4999,0.4177,-0.1257
"329","SBAC",0.0363,0.0076,0.0945,0.892,0.7296,0.9337,0.4805,0.0373,0.0924,0.2309,0.3932,-0.2432
"330","SLB",-0.0245,0.0136,0.1756,1.382,1.7487,2.9077,0.6772,0.0014,-0.0655,0.4585,0.3735,-0.201
"331","SNI",8e-04,0.0083,0.104,1.1441,1.7048,2.9411,0.7473,0.0033,0.0029,0.5585,0.2877,-0.2759
"332","STX",-0.1677,0.0291,0.4107,2.2857,1.5044,2.9876,0.7302,4e-04,-0.2789,0.5332,0.6014,-0.1842
"333","SEE",0.1391,0.0383,0.5695,1.7325,1.9026,3.8949,0.78,1e-04,0.3673,0.6084,0.3787,-0.0659
"334","SRE",0.1608,0.0083,0.1039,0.6241,0.7094,0.3415,0.5683,0.0111,0.6818,0.323,0.2358,-0.1482
"335","SHW",0.1898,0.014,0.1815,0.6926,0.4086,0.6833,0.5067,0.0268,0.6466,0.2567,0.2935,-0.0917
"336","SIG",0.1527,0.0834,1.6136,2.8795,2.645,4.3299,0.8494,0,0.2441,0.7214,0.6254,-0.0349
"337","SPG",-0.0455,0.0274,0.3833,1.9498,1.8745,2.9516,0.7717,1e-04,-0.1011,0.5954,0.4499,-0.1532
"338","SWKS",0.344,0.0411,0.6214,0.9294,-0.2576,1.1408,0.3645,0.125,0.6007,0.1328,0.5726,0.0975
"339","SLG",-0.3334,0.0348,0.508,3.0944,2.2358,2.4381,0.7731,1e-04,-0.4203,0.5977,0.7932,-0.1896
"340","SNA",0.0042,0.0247,0.3401,1.7306,2.1715,2.1789,0.8079,0,0.0121,0.6528,0.3515,-0.1439
"341","SO",0.1934,0.0043,0.0525,0.3653,0.6515,-0.823,0.4515,0.0523,0.8347,0.2039,0.2317,-0.164
"342","LUV",-0.1118,-0.0076,-0.0875,1.068,1.5175,1.1798,0.6607,0.0021,-0.3816,0.4365,0.2929,-0.3418
"343","SWK",0.0591,0.0149,0.1938,1.2477,1.135,1.8561,0.7793,1e-04,0.2372,0.6073,0.2491,-0.1557
"344","SBUX",0.009,0.0129,0.1659,1.2622,0.2289,2.0117,0.6576,0.0022,0.0255,0.4324,0.3542,-0.1935
"345","STT",0.0036,0.0226,0.3081,1.4928,1.6821,2.4909,0.6294,0.0039,0.0079,0.3961,0.4598,-0.1673
"346","SRCL",0.1752,0.0012,0.0148,0.2785,0.3532,-0.0656,0.3004,0.2115,0.6368,0.0902,0.2751,-0.2805
"347","SYK",-0.0526,-0.0046,-0.0541,0.9394,1.1121,0.461,0.6719,0.0016,-0.2104,0.4515,0.25,-0.3256
"348","SNPS",0.1369,0.0069,0.0864,0.6081,0.7405,0.0589,0.4594,0.0479,0.4582,0.211,0.2987,-0.1915
"349","SYY",0.0789,0.0021,0.0251,0.7282,0.8244,0.4215,0.7628,1e-04,0.4852,0.5819,0.1625,-0.2395
"350","TROW",0.0703,0.0388,0.5787,2.0391,1.7816,3.4909,0.9119,0,0.2103,0.8315,0.3342,-0.0898
"351","TPR",0.0751,0.0422,0.6413,2.0193,0.6047,2.9852,0.7814,1e-04,0.1633,0.6106,0.4598,-0.0883
"352","TGT",0.0382,0.0135,0.1751,1.2417,0.5853,1.6127,0.7239,5e-04,0.1312,0.5241,0.2911,-0.1732
"353","TEL",-0.0873,0.0337,0.4879,2.3678,1.9747,4.2067,0.8449,0,-0.1785,0.7139,0.4891,-0.1438
"354","FTI",0.0564,0.0186,0.2471,1.142,0.8868,2.8068,0.5024,0.0284,0.1187,0.2524,0.4749,-0.1724
"355","TXN",0.0482,0.0081,0.1023,1.0359,0.3815,0.8039,0.7374,3e-04,0.2106,0.5438,0.2288,-0.198
"356","TXT",-0.4494,0.0019,0.0236,3.1187,2.7722,6.461,0.7935,1e-04,-0.5836,0.6296,0.7701,-0.2253
"357","BK",0.0129,-0.0029,-0.0343,0.7181,0.1398,0.9924,0.5171,0.0234,0.0439,0.2674,0.2944,-0.3347
"358","CLX",0.2002,0.0054,0.0673,0.3717,0.2216,0.1805,0.4045,0.0858,0.7916,0.1637,0.2529,-0.1429
"359","COO",-0.0309,0.0182,0.2415,1.2648,1.2356,-0.0129,0.5024,0.0284,-0.0585,0.2524,0.5285,-0.2247
"360","HSY",0.2283,0.0073,0.0913,0.3296,0.6934,0.2654,0.3357,0.16,0.8293,0.1127,0.2753,-0.0758
"361","MOS",0.007,0.0248,0.3412,1.1278,2.1753,0.8262,0.365,0.1244,0.01,0.1332,0.694,-0.2184
"362","TRV",0.1248,0.0042,0.0512,0.6167,0.5937,0.6201,0.6375,0.0033,0.6178,0.4064,0.202,-0.2084
"363","DIS",0.0764,0.0153,0.1993,1.2344,1.0737,1.5437,0.8746,0,0.438,0.7649,0.1743,-0.1433
"364","TMO",0.0728,0.0032,0.0395,0.7189,1.4801,-0.174,0.5623,0.0122,0.2763,0.3162,0.2636,-0.251
"365","TWX",0.0528,0.0207,0.2785,1.4925,1.1198,0.2877,0.8843,0,0.2358,0.7819,0.224,-0.1343
"366","TJX",0.3283,0.0243,0.3333,0.6467,0.7667,1.2945,0.4816,0.0368,1.1085,0.2319,0.2962,0.116
"367","TSCO",0.2604,0.0187,0.2494,0.5739,0.8701,1.0748,0.3523,0.1391,0.6825,0.1241,0.3816,0.0124
"368","TDG",0.0871,1e-04,0.0012,0.4662,0.4486,0.1675,0.3176,0.1851,0.2424,0.1009,0.3592,-0.3566
"369","TSN",0.1874,0.0429,0.6562,1.7106,1.9097,0.7356,0.769,1e-04,0.4892,0.5913,0.3832,-0.0385
"370","USB",-0.0257,0.0068,0.0845,1.0852,1.22,2.0749,0.5548,0.0137,-0.0653,0.3078,0.3928,-0.2571
"371","UDR",-0.0596,0.0105,0.1336,1.3979,2.0129,2.3874,0.6641,0.0019,-0.1524,0.441,0.3913,-0.2238
"372","ULTA",-0.1724,0.0131,0.1694,1.7369,0.3092,0.837,0.5938,0.0074,-0.29,0.3526,0.5944,-0.2451
"373","UAA",-0.1356,0.013,0.1672,1.8506,1.4609,2.7796,0.7609,2e-04,-0.3138,0.579,0.4321,-0.2101
"374","UNP",0.1608,0.0247,0.3399,1.2277,1.0287,1.2436,0.7623,1e-04,0.6253,0.5812,0.2571,-0.0754
"375","UAL",-0.5233,-0.0799,-0.6316,-0.3495,-0.9945,1.1257,-0.0767,0.755,-0.4581,0.0059,1.1423,2.2218
"376","UNH",-0.1336,-0.0019,-0.022,1.2338,0.6699,0.0548,0.5725,0.0104,-0.311,0.3278,0.4296,-0.3136
"377","UPS",0.0688,0.0047,0.0582,0.7989,0.9761,1.5415,0.5989,0.0067,0.2627,0.3587,0.262,-0.2309
"378","URI",-0.2997,-0.0015,-0.0184,1.8899,1.2919,0.4938,0.6088,0.0057,-0.4748,0.3706,0.6311,-0.2926
"379","UHS",0.2422,0.0337,0.4887,1.2895,1.2676,2.5323,0.7461,2e-04,0.8469,0.5567,0.286,-0.0086
"380","UNM",0.0262,0.041,0.6189,2.1456,2.5025,2.2608,0.845,0,0.0612,0.7139,0.4282,-0.1058
"381","VFC",0.1204,0.0088,0.1108,0.7519,1.2377,0.154,0.5774,0.0096,0.4576,0.3334,0.2631,-0.1767
"382","VLO",-0.3173,-0.0321,-0.3239,1.1611,1.1633,0.4319,0.5566,0.0133,-0.7566,0.3098,0.4194,-0.4915
"383","VTR",0.0886,0.041,0.6188,1.7929,2.0675,0.445,0.6593,0.0021,0.1676,0.4346,0.5286,-0.0919
"384","VRSN",-0.1236,-0.0186,-0.2018,0.6874,0.424,1.5265,0.4697,0.0424,-0.3859,0.2206,0.3204,-0.5483
"385","VZ",0.1155,0.001,0.0116,0.5226,0.3878,-0.0645,0.5736,0.0102,0.5408,0.3291,0.2135,-0.2637
"386","VRTX",0.5123,0.0406,0.6114,0.4156,1.1438,-1.0888,0.1769,0.4687,0.8913,0.0313,0.5748,0.6231
"387","V",0.3278,0.0304,0.4317,0.81,0.3904,1.296,0.4733,0.0641,0.8275,0.224,0.3962,0.1118
"388","VNO",-0.0644,0.0231,0.315,1.8858,1.95,2.3086,0.7689,1e-04,-0.1484,0.5912,0.4341,-0.1685
"389","VMC",-0.0828,0.0034,0.0415,1.2452,1.3616,-0.7118,0.6231,0.0044,-0.217,0.3882,0.3813,-0.2699
"390","WMT",0.2862,0.0107,0.1364,0.2941,0.5521,0.2102,0.3543,0.1367,1.1316,0.1255,0.2529,0.1118
"391","WBA",0.1481,0.0154,0.202,0.9244,1.4355,1.2714,0.6529,0.0024,0.5716,0.4263,0.2591,-0.1138
"392","WM",0.1732,0.0056,0.0697,0.4867,0.2614,-0.615,0.5205,0.0223,0.7569,0.2709,0.2288,-0.1646
"393","WAT",0.0171,0.0093,0.1175,1.103,1.12,1.2261,0.6267,0.0041,0.0516,0.3928,0.3315,-0.2141
"394","WEC",0.1845,0.0018,0.0217,0.3084,0.3195,-0.1657,0.4628,0.046,0.8417,0.2142,0.2192,-0.223
"395","WFC",0.135,0.0474,0.7435,1.7439,1.4712,4.0537,0.5963,0.007,0.2274,0.3556,0.5935,-0.0679
"396","WDC",0.2264,0.0502,0.8005,1.64,0.9148,2.7882,0.5897,0.0079,0.4022,0.3478,0.5628,-0.0164
"397","WU",0.0684,0.0331,0.4786,1.8,2.3061,2.6312,0.855,0,0.2097,0.7311,0.3262,-0.1027
"398","WY",-0.1435,-0.0016,-0.0185,1.3669,1.9717,3.3589,0.6782,0.0014,-0.3903,0.46,0.3677,-0.2903
"399","WHR",-0.0448,0.0453,0.701,2.4104,3.1084,4.0653,0.7767,1e-04,-0.0771,0.6032,0.581,-0.1237
"400","WMB",-0.1325,-0.0045,-0.0525,1.2029,0.6012,2.3445,0.6069,0.0059,-0.3461,0.3683,0.3828,-0.3207
"401","WYNN",-0.2733,0.0257,0.3556,2.6436,2.2585,5.6313,0.6594,0.0021,-0.3303,0.4348,0.8274,-0.1992
"402","XEL",0.1721,0.0029,0.0356,0.391,0.5585,-0.2679,0.4913,0.0327,0.7737,0.2413,0.2224,-0.2077
"403","XRX",-0.1769,-0.0036,-0.0424,1.4991,1.8372,1.1799,0.7315,4e-04,-0.4947,0.5351,0.3576,-0.287
"404","YUM",0.2109,0.0241,0.3302,1.0862,1.1362,1.3387,0.794,0,1.0467,0.6305,0.2015,-0.039
"405","ZBH",0.0251,0.009,0.1141,1.1032,1.622,1.1726,0.6736,0.0016,0.0856,0.4537,0.2928,-0.2069
"406","ZION",-0.3455,-0.0354,-0.3512,0.7987,0.0907,2.9656,0.2715,0.2608,-0.5051,0.0737,0.6841,-0.7497
